event_id,prediction,anomaly_score
EVT00001,Normal,-0.00136757888638539
EVT00002,Suspicious,0.009435490230357724
EVT00003,Normal,-0.005228968496974629
EVT00004,Suspicious,0.0006122282421580083
EVT00005,Suspicious,0.019294797665516672
EVT00006,Normal,-0.0031474115402509995
EVT00007,Suspicious,0.00975853588106923
EVT00008,Normal,-0.0033490657715603556
EVT00009,Suspicious,0.016059299159258522
EVT00010,Normal,-0.04693020255714658
EVT00011,Suspicious,1.887925441035332e-05
EVT00012,Normal,-0.004022815855312611
EVT00013,Normal,-0.042517124613187074
EVT00014,Normal,-0.031475469577169846
EVT00015,Suspicious,0.007209340930964703
EVT00016,Normal,-0.029722014729506308
EVT00017,Normal,-0.043145665748008544
EVT00018,Normal,-0.0018474923212573602
EVT00019,Normal,-0.01394799979270478
EVT00020,Normal,-0.010492866123657296
EVT00021,Normal,-0.0609714349520083
EVT00022,Normal,-0.05519569647616884
EVT00023,Suspicious,0.003601313401833006
EVT00024,Normal,-0.01599010573762938
EVT00025,Normal,-0.034304291528026054
EVT00026,Suspicious,0.01705672688295734
EVT00027,Normal,-0.0005603479159701497
EVT00028,Normal,-0.031931997390288513
EVT00029,Normal,-0.05049556830646956
EVT00030,Normal,-0.005704880470692397
EVT00031,Normal,-0.02315063602072487
EVT00032,Normal,-0.012052896882443709
EVT00033,Normal,-0.019939031298852772
EVT00034,Suspicious,0.0615155126656739
EVT00035,Normal,-0.046554868811114924
EVT00036,Suspicious,0.042561928776942426
EVT00037,Normal,-0.046981473420383335
EVT00038,Normal,-0.02873688326094387
EVT00039,Normal,-0.006639502691602517
EVT00040,Normal,-0.024643410991949444
EVT00041,Normal,-0.03598446146596884
EVT00042,Normal,-0.009331163999760639
EVT00043,Normal,-0.008749619698283473
EVT00044,Suspicious,0.02042989734365319
EVT00045,Normal,-0.011484456682676614
EVT00046,Suspicious,0.004816388313360509
EVT00047,Normal,-0.04135678504280915
EVT00048,Normal,-0.008915224671217414
EVT00049,Normal,-0.031332902457427925
EVT00050,Normal,-0.03733365717535991
EVT00051,Normal,-0.006647520686632102
EVT00052,Normal,-0.03179580307330082
EVT00053,Suspicious,0.01561025377834957
EVT00054,Normal,-0.03175502898457361
EVT00055,Normal,-0.023666202499668
EVT00056,Normal,-0.029210903101326346
EVT00057,Suspicious,0.01656860833985674
EVT00058,Normal,-0.019484805520484705
EVT00059,Suspicious,0.0008696662092408936
EVT00060,Normal,-0.02465363715987623
EVT00061,Normal,-0.04097718972185482
EVT00062,Normal,-0.013185515027732464
EVT00063,Normal,-0.0019728753961493206
EVT00064,Normal,-0.02723580063156611
EVT00065,Normal,-0.06696898851875221
EVT00066,Normal,-0.05232586118566357
EVT00067,Normal,-0.032006425039905195
EVT00068,Normal,-0.032451270643374996
EVT00069,Normal,-0.02440065563851601
EVT00070,Normal,-0.01462027030638724
EVT00071,Normal,-0.05101539388385995
EVT00072,Normal,-0.016743999314115743
EVT00073,Normal,-0.020747775109180133
EVT00074,Normal,-0.0369048779800612
EVT00075,Normal,-0.020491663299647134
EVT00076,Suspicious,0.004454292197352827
EVT00077,Normal,-0.00628579699984344
EVT00078,Normal,-0.07465523037800026
EVT00079,Suspicious,0.012442457279973174
EVT00080,Normal,-0.0241886310514281
EVT00081,Normal,-0.029571261744719635
EVT00082,Normal,-0.024242578669815162
EVT00083,Normal,-0.014395126483712661
EVT00084,Normal,-0.0031695900755414064
EVT00085,Normal,-0.006756225814262162
EVT00086,Suspicious,0.006825098226758475
EVT00087,Normal,-0.020367879321745663
EVT00088,Suspicious,0.019174216019349544
EVT00089,Normal,-0.04506312164423287
EVT00090,Normal,-0.043200299683293364
EVT00091,Normal,-0.06127274995627158
EVT00092,Normal,-0.03957112665403589
EVT00093,Normal,-0.03283894957490496
EVT00094,Normal,-0.011734093253001676
EVT00095,Normal,-0.008990777898305269
EVT00096,Normal,-0.026738290983658042
EVT00097,Normal,-0.05247093439781042
EVT00098,Normal,-0.0028834855572777984
EVT00099,Suspicious,0.01566323219075949
EVT00100,Normal,-0.025562431903642935
EVT00101,Normal,-0.014542661244990707
EVT00102,Normal,-0.028789579586272263
EVT00103,Normal,-0.00116144000595364
EVT00104,Normal,-0.02257574644940885
EVT00105,Normal,-0.04894086528224517
EVT00106,Normal,-0.04375781585873978
EVT00107,Normal,-0.01920529010043448
EVT00108,Normal,-0.03629079956052078
EVT00109,Normal,-0.01693942064734255
EVT00110,Normal,-0.027766207476105087
EVT00111,Normal,-0.011522900080247478
EVT00112,Normal,-0.030179649024061228
EVT00113,Normal,-0.05089209363323616
EVT00114,Normal,-0.03490424545147236
EVT00115,Normal,-0.00853541664251023
EVT00116,Normal,-0.020369972741914988
EVT00117,Normal,-0.04217258577303956
EVT00118,Normal,-0.041963263701752296
EVT00119,Normal,-0.0020665528307720615
EVT00120,Normal,-0.057109464441197744
EVT00121,Normal,-0.00511354460813529
EVT00122,Normal,-0.04566895164214679
EVT00123,Normal,-0.00015667503121308268
EVT00124,Normal,-0.026002573058787837
EVT00125,Normal,-0.003969002540342603
EVT00126,Normal,-0.028068468375525124
EVT00127,Normal,-0.03551805250975354
EVT00128,Normal,-0.051343269245971546
EVT00129,Normal,-0.01597579438863206
EVT00130,Normal,-0.005414818045804459
EVT00131,Normal,-0.05472122839750787
EVT00132,Normal,-0.018055746536003725
EVT00133,Normal,-0.014936569002081956
EVT00134,Suspicious,0.014026631180611315
EVT00135,Suspicious,0.010863881199426162
EVT00136,Normal,-0.01446158861878355
EVT00137,Normal,-0.05032720737903401
EVT00138,Normal,-0.010542641957182353
EVT00139,Normal,-0.037341500536078875
EVT00140,Suspicious,0.0012091820810515852
EVT00141,Suspicious,0.016452466487597572
EVT00142,Normal,-0.04479325686949792
EVT00143,Normal,-0.023410354291018343
EVT00144,Suspicious,0.0432791264770932
EVT00145,Normal,-0.03819437536508541
EVT00146,Normal,-0.014473406638836783
EVT00147,Suspicious,0.0016355558450992236
EVT00148,Suspicious,0.00611572905348734
EVT00149,Normal,-0.02986780682559681
EVT00150,Normal,-0.05601815600917798
EVT00151,Normal,-0.049785821600395574
EVT00152,Suspicious,0.016909138631747367
EVT00153,Normal,-0.032264817551996505
EVT00154,Normal,-0.01990759737788328
EVT00155,Suspicious,0.010117383154343629
EVT00156,Normal,-0.006630560912469163
EVT00157,Normal,-0.04336891926794856
EVT00158,Normal,-0.0397172473571088
EVT00159,Normal,-0.0015549830426266897
EVT00160,Normal,-0.05065897496415234
EVT00161,Suspicious,0.012569194930584282
EVT00162,Normal,-0.02821465930505801
EVT00163,Normal,-0.02336050333439388
EVT00164,Normal,-0.049336797507767094
EVT00165,Normal,-0.036592249734167026
EVT00166,Normal,-0.02878606799009109
EVT00167,Normal,-0.02798226269096543
EVT00168,Normal,-0.038894695222035924
EVT00169,Normal,-0.04463667306634728
EVT00170,Suspicious,0.0008237130696304718
EVT00171,Normal,-0.013697706660106612
EVT00172,Normal,-0.05604029666793475
EVT00173,Normal,-0.023740177776631954
EVT00174,Normal,-0.03956199153154927
EVT00175,Normal,-0.04937332702605274
EVT00176,Normal,-0.06432120960050108
EVT00177,Normal,-0.03761035046726924
EVT00178,Normal,-0.026679920268019908
EVT00179,Normal,-0.029364907696031117
EVT00180,Normal,-0.002383318796632894
EVT00181,Normal,-0.04505095730928582
EVT00182,Normal,-0.061357471630173854
EVT00183,Suspicious,0.003295635254912832
EVT00184,Normal,-0.042027755947907475
EVT00185,Normal,-0.05512512610643755
EVT00186,Normal,-0.005658947527650282
EVT00187,Normal,-0.028627349485405185
EVT00188,Normal,-0.0017911571572163387
EVT00189,Normal,-0.04215954350431256
EVT00190,Normal,-0.05180766311122614
EVT00191,Normal,-0.027149472614457326
EVT00192,Normal,-0.04003988559495414
EVT00193,Normal,-0.05092287833004444
EVT00194,Normal,-0.00923418950174737
EVT00195,Suspicious,0.004736547079081221
EVT00196,Normal,-0.02356661942346394
EVT00197,Normal,-0.00530041942776871
EVT00198,Normal,-0.04372520722241757
EVT00199,Normal,-0.02515753744132876
EVT00200,Normal,-0.007417656585028909
EVT00201,Normal,-0.04289983662701613
EVT00202,Normal,-0.04856358154654289
EVT00203,Normal,-0.050400174867066216
EVT00204,Normal,-0.039880025350500725
EVT00205,Normal,-0.03874587858096218
EVT00206,Normal,-0.031166457664748792
EVT00207,Normal,-0.05124778951864789
EVT00208,Normal,-0.018878776849356016
EVT00209,Normal,-0.05025022581098687
EVT00210,Normal,-0.05083666639872003
EVT00211,Normal,-0.03717376706022196
EVT00212,Normal,-0.015605808346671912
EVT00213,Normal,-0.04457700664104142
EVT00214,Normal,-0.03546970984623332
EVT00215,Normal,-0.025061532237422135
EVT00216,Suspicious,0.007937106242629
EVT00217,Normal,-0.07994748597167517
EVT00218,Normal,-0.06928064627201541
EVT00219,Normal,-0.038988839336522585
EVT00220,Normal,-0.05206327960082102
EVT00221,Normal,-0.04715502880338701
EVT00222,Normal,-0.03564438478674142
EVT00223,Normal,-0.031768181961294606
EVT00224,Normal,-0.05246253169353415
EVT00225,Normal,-0.03398869776645519
EVT00226,Normal,-0.0574872002693686
EVT00227,Normal,-0.06897188240175839
EVT00228,Normal,-0.08611801421149395
EVT00229,Normal,-0.03200732113924287
EVT00230,Normal,-0.05646758950630998
EVT00231,Normal,-0.06554322397348283
EVT00232,Normal,-0.029915117221895493
EVT00233,Normal,-0.025538160303801072
EVT00234,Normal,-0.07849168400063955
EVT00235,Normal,-0.019388498949743704
EVT00236,Normal,-0.048209836599602984
EVT00237,Normal,-0.02566493030046768
EVT00238,Normal,-0.05495920145660432
EVT00239,Suspicious,0.010937580407256009
EVT00240,Normal,-0.024746023012163554
EVT00241,Normal,-0.018098819665621546
EVT00242,Normal,-0.030099666909435663
EVT00243,Normal,-0.04627006027129915
EVT00244,Normal,-0.019698931714236312
EVT00245,Normal,-0.033095318354844194
EVT00246,Normal,-0.050147644151626924
EVT00247,Normal,-0.018626349242061968
EVT00248,Normal,-0.02991784137579717
EVT00249,Suspicious,0.01056891831270057
EVT00250,Normal,-0.05847927058381397
EVT00251,Normal,-0.0758774858524579
EVT00252,Normal,-0.059374969594591376
EVT00253,Normal,-0.03879851717811289
EVT00254,Normal,-0.038594138012259804
EVT00255,Normal,-0.040267742079250046
EVT00256,Normal,-0.04454632051861773
EVT00257,Normal,-0.036462343891324356
EVT00258,Normal,-0.06441574795106092
EVT00259,Normal,-0.05463630600141628
EVT00260,Normal,-0.053238709605991474
EVT00261,Normal,-0.03238140161283781
EVT00262,Normal,-0.017526679375891363
EVT00263,Normal,-0.09064564921457646
EVT00264,Normal,-0.017372848170317923
EVT00265,Normal,-0.04768727431645403
EVT00266,Normal,-0.07675959398436832
EVT00267,Normal,-0.06603995413077013
EVT00268,Normal,-0.043079089014976146
EVT00269,Normal,-0.02416514645469192
EVT00270,Normal,-0.030162312597866614
EVT00271,Normal,-0.05787761617037884
EVT00272,Normal,-0.05311654587795206
EVT00273,Normal,-0.004321808406707595
EVT00274,Normal,-0.037376653034974505
EVT00275,Normal,-0.025727706121370986
EVT00276,Normal,-0.04795766981281108
EVT00277,Normal,-0.06132249795892608
EVT00278,Normal,-0.04085777956277209
EVT00279,Normal,-0.05381207772938229
EVT00280,Normal,-0.01643902643584927
EVT00281,Normal,-0.048679790265036105
EVT00282,Normal,-0.044046533299160695
EVT00283,Normal,-0.05643821038643049
EVT00284,Normal,-0.026919707387426273
EVT00285,Normal,-0.03277230045427415
EVT00286,Normal,-0.03340936657088012
EVT00287,Normal,-0.0370015292545996
EVT00288,Normal,-0.059829969931289084
EVT00289,Normal,-0.05064242746563885
EVT00290,Normal,-0.016715209698926814
EVT00291,Normal,-0.05864317206961228
EVT00292,Normal,-0.043166545831719194
EVT00293,Normal,-0.050630629848904374
EVT00294,Normal,-0.011462786488142807
EVT00295,Normal,-0.04728804404944936
EVT00296,Normal,-0.03042052886685842
EVT00297,Normal,-0.06946303445688923
EVT00298,Normal,-0.03042708487196466
EVT00299,Normal,-0.027955751241588223
EVT00300,Normal,-0.03724494690961183
EVT00301,Normal,-0.02661180872895741
EVT00302,Normal,-0.07740865018395482
EVT00303,Normal,-0.07062755632564555
EVT00304,Normal,-0.01374699622767106
EVT00305,Normal,-0.06168473501121258
EVT00306,Normal,-0.009506380564891281
EVT00307,Normal,-0.054571115479200294
EVT00308,Normal,-0.04794002909615935
EVT00309,Normal,-0.028536225912989266
EVT00310,Normal,-0.0767405492434089
EVT00311,Normal,-0.06976917836740493
EVT00312,Normal,-0.07104072757858615
EVT00313,Normal,-0.06351590252545591
EVT00314,Normal,-0.04064980027163129
EVT00315,Normal,-0.08029518751124304
EVT00316,Normal,-0.045242142553337195
EVT00317,Normal,-0.050535984859197636
EVT00318,Normal,-0.05057964647339991
EVT00319,Normal,-0.04886332735194571
EVT00320,Normal,-0.05080965315302133
EVT00321,Normal,-0.036781698614340885
EVT00322,Normal,-0.04632503909005414
EVT00323,Normal,-0.04428077109781309
EVT00324,Normal,-0.06222982804943311
EVT00325,Normal,-0.038672169774841336
EVT00326,Normal,-0.025226259052410216
EVT00327,Normal,-0.017579910351369188
EVT00328,Normal,-0.051409852886637464
EVT00329,Normal,-0.06370731521724288
EVT00330,Normal,-0.0365862206723378
EVT00331,Normal,-0.02001150206387714
EVT00332,Normal,-0.07146287260973377
EVT00333,Normal,-0.08207972826521515
EVT00334,Normal,-0.0741082679197459
EVT00335,Normal,-0.05175918886111064
EVT00336,Normal,-0.051037360704828005
EVT00337,Normal,-0.08333984488404755
EVT00338,Normal,-0.07174464011915294
EVT00339,Normal,-0.07318811239965117
EVT00340,Normal,-0.052648434006873523
EVT00341,Normal,-0.04331036280578948
EVT00342,Normal,-0.05513122256373687
EVT00343,Normal,-0.06656871739463605
EVT00344,Normal,-0.016167418737081496
EVT00345,Normal,-0.039794327521978146
EVT00346,Normal,-0.07587960286809409
EVT00347,Normal,-0.04367236733303875
EVT00348,Normal,-0.05556276453342118
EVT00349,Normal,-0.0532473002798316
EVT00350,Normal,-0.06038988743336937
EVT00351,Normal,-0.063612591310726
EVT00352,Normal,-0.04411240249139098
EVT00353,Suspicious,0.02214421120822918
EVT00354,Normal,-0.04078401424545269
EVT00355,Normal,-0.05817417434785416
EVT00356,Normal,-0.04175062090341197
EVT00357,Normal,-0.08763018924829269
EVT00358,Normal,-0.05090354288912896
EVT00359,Normal,-0.051957572888899684
EVT00360,Normal,-0.0618683796251312
EVT00361,Normal,-0.06730140392637901
EVT00362,Normal,-0.03516548523092711
EVT00363,Normal,-0.07763324862776166
EVT00364,Normal,-0.03720405034740715
EVT00365,Normal,-0.07333096801087557
EVT00366,Normal,-0.029375488531301785
EVT00367,Suspicious,0.007935939289466676
EVT00368,Normal,-0.055012822093321256
EVT00369,Normal,-0.008170211256873783
EVT00370,Normal,-0.003801290600796814
EVT00371,Normal,-0.01572735826267324
EVT00372,Normal,-0.04164820173404149
EVT00373,Normal,-0.043350768719429555
EVT00374,Normal,-0.007429702478591205
EVT00375,Normal,-0.06177647530202052
EVT00376,Normal,-0.018083548417115125
EVT00377,Normal,-0.07715512256808743
EVT00378,Suspicious,0.012175303085672162
EVT00379,Normal,-0.05260830975653874
EVT00380,Normal,-0.10017365939432621
EVT00381,Normal,-0.058032520394068754
EVT00382,Normal,-0.0775011462206947
EVT00383,Normal,-0.026464711235140992
EVT00384,Normal,-0.06805767335323593
EVT00385,Normal,-0.005460825804696756
EVT00386,Normal,-0.05355469636905863
EVT00387,Normal,-0.025058098416674057
EVT00388,Normal,-0.026355953593726222
EVT00389,Normal,-0.06679032787246775
EVT00390,Normal,-0.030799410615392542
EVT00391,Normal,-0.060939672152670044
EVT00392,Normal,-0.004224830771562327
EVT00393,Normal,-0.022226861303766388
EVT00394,Normal,-0.07100329690135354
EVT00395,Normal,-0.005553295780526879
EVT00396,Normal,-0.04061142447273386
EVT00397,Normal,-0.05834748438099552
EVT00398,Normal,-0.014618657646068622
EVT00399,Normal,-0.04417152180074141
EVT00400,Normal,-0.009048435199764948
EVT00401,Normal,-0.04996248291597105
EVT00402,Normal,-0.01234430384939933
EVT00403,Normal,-0.005951399343094965
EVT00404,Normal,-0.03729888762479383
EVT00405,Normal,-0.014197312631454961
EVT00406,Normal,-0.06991813778216077
EVT00407,Normal,-0.03354537124982404
EVT00408,Normal,-0.05218307681724704
EVT00409,Normal,-0.05000593042277063
EVT00410,Normal,-0.05829540148056872
EVT00411,Normal,-0.014611894175255213
EVT00412,Normal,-0.06743208415299679
EVT00413,Normal,-0.012845198844856132
EVT00414,Normal,-0.01542742206836556
EVT00415,Normal,-0.06905887570874941
EVT00416,Normal,-0.042315250803832305
EVT00417,Normal,-0.012689367375350091
EVT00418,Normal,-0.05125916537634545
EVT00419,Normal,-0.05683291798937973
EVT00420,Normal,-0.04242646697043284
EVT00421,Normal,-0.07654454044939407
EVT00422,Normal,-0.011128025235843109
EVT00423,Normal,-0.03756313001595735
EVT00424,Normal,-0.030769634107916777
EVT00425,Normal,-0.07202960712059164
EVT00426,Normal,-0.05707331520050307
EVT00427,Normal,-0.0439887450614771
EVT00428,Normal,-0.05633167095348529
EVT00429,Normal,-0.0616584373631619
EVT00430,Normal,-0.045870885337395306
EVT00431,Normal,-0.020149147652640975
EVT00432,Normal,-0.032816401417489094
EVT00433,Normal,-0.006420568777143587
EVT00434,Normal,-0.03294004673427825
EVT00435,Normal,-0.018126971186665064
EVT00436,Normal,-0.05691732929032267
EVT00437,Normal,-0.029811647730194846
EVT00438,Normal,-0.01666056831367979
EVT00439,Normal,-0.044272989388842
EVT00440,Normal,-0.05337864331252723
EVT00441,Normal,-0.01879288465025797
EVT00442,Normal,-0.0608771805181208
EVT00443,Normal,-0.06761275482201057
EVT00444,Normal,-0.058549345747957504
EVT00445,Normal,-0.032351409509218276
EVT00446,Normal,-0.03668524220832575
EVT00447,Normal,-0.03213459311546207
EVT00448,Normal,-0.03588764137838607
EVT00449,Suspicious,0.0019056989138144242
EVT00450,Normal,-0.05583440212680785
EVT00451,Normal,-0.04775756921864882
EVT00452,Normal,-0.05110016264445144
EVT00453,Normal,-0.057039618074819276
EVT00454,Normal,-0.02426255788533427
EVT00455,Normal,-0.03054724669946235
EVT00456,Normal,-0.032944415518403214
EVT00457,Normal,-0.06912533468443094
EVT00458,Normal,-0.041820674409230985
EVT00459,Normal,-0.03374951623996392
EVT00460,Normal,-0.03691878437261242
EVT00461,Normal,-0.03365606306749325
EVT00462,Normal,-0.04001611521889625
EVT00463,Normal,-0.01671244600350319
EVT00464,Normal,-0.04926459130879973
EVT00465,Normal,-0.07199980529954558
EVT00466,Normal,-0.04893014668461465
EVT00467,Normal,-0.042919325479109205
EVT00468,Normal,-0.046087192783328124
EVT00469,Normal,-0.03257762325995356
EVT00470,Normal,-0.0708497806496517
EVT00471,Normal,-0.06174469673419625
EVT00472,Normal,-0.0681378008250037
EVT00473,Normal,-0.03832964073152595
EVT00474,Normal,-0.05182786628539909
EVT00475,Normal,-0.007829198881569521
EVT00476,Normal,-0.009524059161525877
EVT00477,Normal,-0.07277582802461036
EVT00478,Normal,-0.04519198341321978
EVT00479,Normal,-0.017831057096143632
EVT00480,Normal,-0.053610432438824795
EVT00481,Normal,-0.062120351888179715
EVT00482,Normal,-0.0438109070588949
EVT00483,Normal,-0.01750763964984836
EVT00484,Normal,-0.027065435024974993
EVT00485,Normal,-0.01435150618420955
EVT00486,Normal,-0.07332590254122384
EVT00487,Normal,-0.06408609075180377
EVT00488,Normal,-0.001791066316897627
EVT00489,Normal,-0.030550508379201147
EVT00490,Suspicious,0.012555329614005739
EVT00491,Normal,-0.015336444475165356
EVT00492,Suspicious,0.0014006442179670398
EVT00493,Normal,-0.02700457416635116
EVT00494,Normal,-0.004094027180504001
EVT00495,Normal,-0.06948240963177627
EVT00496,Normal,-0.021903942556714462
EVT00497,Normal,-0.022536652844516336
EVT00498,Normal,-0.03878505624052836
EVT00499,Normal,-0.042822778206025924
EVT00500,Normal,-0.04864507006222629
EVT00501,Normal,-0.012831534469988415
EVT00502,Normal,-0.060056872071941936
EVT00503,Normal,-0.049171426616642144
EVT00504,Normal,-0.03312908257357783
EVT00505,Normal,-0.0645759192573781
EVT00506,Normal,-0.02478241203446052
EVT00507,Normal,-0.054618283744562734
EVT00508,Normal,-0.054244396909466974
EVT00509,Normal,-0.05038536236582197
EVT00510,Normal,-0.07967697053691619
EVT00511,Normal,-0.006356817271579551
EVT00512,Normal,-0.025856813325093875
EVT00513,Normal,-0.042319951592088234
EVT00514,Normal,-0.02754756693226068
EVT00515,Normal,-0.022648098714056597
EVT00516,Normal,-0.06005842456322741
EVT00517,Normal,-0.04319882877249681
EVT00518,Normal,-0.07041124991614511
EVT00519,Normal,-0.05642893700041579
EVT00520,Normal,-0.05574938299701804
EVT00521,Normal,-0.07664332706287819
EVT00522,Normal,-0.023983404276336495
EVT00523,Normal,-0.02609628797404806
EVT00524,Normal,-0.03509779520769263
EVT00525,Normal,-0.029534643478604294
EVT00526,Normal,-0.004255301921394117
EVT00527,Normal,-0.025798774995921425
EVT00528,Normal,-0.019452403497745463
EVT00529,Normal,-0.05080893391451169
EVT00530,Normal,-0.037812790614260294
EVT00531,Normal,-0.026418476607955488
EVT00532,Normal,-0.07738137978231246
EVT00533,Normal,-0.04607831054669609
EVT00534,Normal,-0.01033847403790511
EVT00535,Normal,-0.03280652775953102
EVT00536,Normal,-0.06698451717402959
EVT00537,Normal,-0.022405027455648208
EVT00538,Normal,-0.05207860513284468
EVT00539,Normal,-0.010294808392543708
EVT00540,Normal,-0.04533217685399882
EVT00541,Normal,-0.03229990274094913
EVT00542,Normal,-0.05110433179976975
EVT00543,Normal,-0.06343047933024593
EVT00544,Normal,-0.03364376409863801
EVT00545,Normal,-0.07849941071657845
EVT00546,Normal,-0.08049111086108574
EVT00547,Normal,-0.04109210789587364
EVT00548,Normal,-0.027681398056811413
EVT00549,Normal,-0.02944616079844664
EVT00550,Normal,-0.004051417674742708
EVT00551,Normal,-0.05574478534712307
EVT00552,Normal,-0.0488654564767908
EVT00553,Normal,-0.06185122480020122
EVT00554,Normal,-0.05719237924940168
EVT00555,Normal,-0.06162491202272202
EVT00556,Normal,-0.046822516807742354
EVT00557,Normal,-0.034000472620964506
EVT00558,Normal,-0.0416155638047791
EVT00559,Normal,-0.036492797046562664
EVT00560,Normal,-0.04656276702577883
EVT00561,Normal,-0.06621838036789329
EVT00562,Normal,-0.012894300107149537
EVT00563,Normal,-0.004081428775259299
EVT00564,Normal,-0.05071840917382564
EVT00565,Normal,-0.04582900951087593
EVT00566,Normal,-0.041230063837636555
EVT00567,Normal,-0.048401877064703724
EVT00568,Normal,-0.028750484727933012
EVT00569,Normal,-0.04837578081002453
EVT00570,Normal,-0.022855102920896764
EVT00571,Normal,-0.06875599456536458
EVT00572,Suspicious,0.004312608288556619
EVT00573,Normal,-0.052339030432953404
EVT00574,Normal,-0.05867428661719115
EVT00575,Normal,-0.0620499901375538
EVT00576,Normal,-0.017936989983751594
EVT00577,Normal,-0.007300359848189331
EVT00578,Normal,-0.04898721025771985
EVT00579,Normal,-0.058208640628884534
EVT00580,Normal,-0.023096554135924485
EVT00581,Normal,-0.04883318435391548
EVT00582,Normal,-0.032882156519934036
EVT00583,Normal,-0.05236020058200613
EVT00584,Normal,-0.05137771750961728
EVT00585,Normal,-0.05806563183474578
EVT00586,Normal,-0.03238017927605136
EVT00587,Normal,-0.07230503611104339
EVT00588,Normal,-0.04358483136323199
EVT00589,Normal,-0.029564186549220217
EVT00590,Normal,-0.04218743696657168
EVT00591,Normal,-0.05692282189432124
EVT00592,Normal,-0.046028392584544
EVT00593,Normal,-0.022093314878321335
EVT00594,Normal,-0.030466323851662258
EVT00595,Normal,-0.04612844680110245
EVT00596,Normal,-0.044733462770990606
EVT00597,Normal,-0.030126733007049322
EVT00598,Normal,-0.06067173529296804
EVT00599,Normal,-0.06641666977519711
EVT00600,Normal,-0.056693920858136015
EVT00601,Normal,-0.05810803628196287
EVT00602,Normal,-0.02411635675629742
EVT00603,Normal,-0.05721364529331968
EVT00604,Normal,-0.023970819286062817
EVT00605,Normal,-0.05327369494573925
EVT00606,Normal,-0.04062714155848379
EVT00607,Normal,-0.05134961828977985
EVT00608,Normal,-0.03957480771847943
EVT00609,Suspicious,0.0031159307947151715
EVT00610,Normal,-0.0651769139586636
EVT00611,Normal,-0.025500510378539953
EVT00612,Normal,-0.052263148784419455
EVT00613,Normal,-0.06469430790837472
EVT00614,Normal,-0.03730856237448199
EVT00615,Normal,-0.06731599648687936
EVT00616,Normal,-0.0341734288533484
EVT00617,Normal,-0.09617622889384803
EVT00618,Normal,-0.03317559500168488
EVT00619,Normal,-0.04055192895859594
EVT00620,Normal,-0.06222741273169968
EVT00621,Normal,-0.027498942440376928
EVT00622,Normal,-0.02179581339770187
EVT00623,Normal,-0.07348977107922067
EVT00624,Normal,-0.026177147841970116
EVT00625,Normal,-0.0808649291278638
EVT00626,Normal,-0.061660669208440266
EVT00627,Normal,-0.05632431919506481
EVT00628,Normal,-0.03358656221324846
EVT00629,Normal,-0.03985207388575773
EVT00630,Normal,-0.07147301271043477
EVT00631,Normal,-0.030396848739229376
EVT00632,Normal,-0.065537440868564
EVT00633,Normal,-0.04821306507666717
EVT00634,Normal,-0.045828274527001944
EVT00635,Normal,-0.009944081984178177
EVT00636,Normal,-0.05234085095287855
EVT00637,Normal,-0.003121913535500176
EVT00638,Normal,-0.04956553955059617
EVT00639,Normal,-0.07599561847433378
EVT00640,Normal,-0.05194050146109519
EVT00641,Normal,-0.03345570928438241
EVT00642,Normal,-0.03591626746387355
EVT00643,Normal,-0.03632215771175823
EVT00644,Normal,-0.06266794931643976
EVT00645,Normal,-0.05346484470687474
EVT00646,Normal,-0.05071559664307107
EVT00647,Normal,-0.06137855380718921
EVT00648,Normal,-0.02706999329728499
EVT00649,Normal,-0.04309660954969596
EVT00650,Normal,-0.029372378749898176
EVT00651,Normal,-0.05359229401400689
EVT00652,Normal,-0.06689021726966443
EVT00653,Normal,-0.04658582049192672
EVT00654,Normal,-0.014892584179609814
EVT00655,Normal,-0.047199035924583965
EVT00656,Normal,-0.02953038212096437
EVT00657,Normal,-0.05842057540551027
EVT00658,Normal,-0.03592564928442421
EVT00659,Normal,-0.03595506740334031
EVT00660,Normal,-0.0311015614514229
EVT00661,Normal,-0.05641823172294963
EVT00662,Normal,-0.043303617015068074
EVT00663,Normal,-0.06115912473363749
EVT00664,Normal,-0.06015411103850671
EVT00665,Suspicious,0.012016825083036253
EVT00666,Normal,-0.03345945576482168
EVT00667,Normal,-0.05364925729144571
EVT00668,Normal,-0.08917389152054933
EVT00669,Normal,-0.018347996101141906
EVT00670,Normal,-0.03700449519630156
EVT00671,Normal,-0.023047967111610723
EVT00672,Normal,-0.04761398273781159
EVT00673,Normal,-0.05019717277248131
EVT00674,Normal,-0.020519911867322604
EVT00675,Normal,-0.0767345250199456
EVT00676,Normal,-0.025046586886841804
EVT00677,Normal,-0.014907915204862121
EVT00678,Normal,-0.04533140780599998
EVT00679,Normal,-0.030518918418095953
EVT00680,Normal,-0.04548892097800605
EVT00681,Normal,-0.07205282025794996
EVT00682,Normal,-0.06305295265055727
EVT00683,Normal,-0.033630397235677456
EVT00684,Normal,-0.03433145819860056
EVT00685,Normal,-0.0531122350066629
EVT00686,Normal,-0.054391943241380136
EVT00687,Normal,-0.04452279206568155
EVT00688,Normal,-0.05090028594300283
EVT00689,Normal,-0.03513907772870589
EVT00690,Normal,-0.04439585320106132
EVT00691,Normal,-0.07281663538417127
EVT00692,Normal,-0.04699629998486038
EVT00693,Normal,-0.059393329969042896
EVT00694,Normal,-0.048846040300136284
EVT00695,Normal,-0.07104134171903026
EVT00696,Normal,-0.02152241477970851
EVT00697,Normal,-0.054249959423979255
EVT00698,Normal,-0.027259959202503792
EVT00699,Normal,-0.01736536014458734
EVT00700,Normal,-0.06349219976579085
EVT00701,Normal,-0.05688851391770777
EVT00702,Normal,-0.056432334217319746
EVT00703,Normal,-0.04266852056424597
EVT00704,Normal,-0.0370275958248954
EVT00705,Normal,-0.032666817098656986
EVT00706,Normal,-0.049306704804891854
EVT00707,Normal,-0.0562219232666914
EVT00708,Normal,-0.01760997783557583
EVT00709,Normal,-0.007336747262138843
EVT00710,Normal,-0.061179379743275086
EVT00711,Normal,-0.04041594558698797
EVT00712,Normal,-0.02426105814749624
EVT00713,Normal,-0.07034539655639938
EVT00714,Normal,-0.047490551714538365
EVT00715,Normal,-0.028667329685542198
EVT00716,Normal,-0.07048380844037294
EVT00717,Normal,-0.055068691892055155
EVT00718,Normal,-0.017864486214016595
EVT00719,Normal,-0.06033651470489709
EVT00720,Normal,-0.03498898819011875
EVT00721,Suspicious,0.0033721671609832082
EVT00722,Normal,-0.0147491809809992
EVT00723,Suspicious,0.006000143558236193
EVT00724,Normal,-0.0008442619896236181
EVT00725,Normal,-0.05606079182956225
EVT00726,Normal,-0.03104856614150614
EVT00727,Normal,-0.05147088420417162
EVT00728,Normal,-0.034907732626329235
EVT00729,Normal,-0.06112762606466604
EVT00730,Normal,-0.04560949407895515
EVT00731,Normal,-0.005696346020340859
EVT00732,Normal,-0.06811117846060133
EVT00733,Normal,-0.03750200864739334
EVT00734,Normal,-0.06233646122709646
EVT00735,Normal,-0.040300423531067164
EVT00736,Normal,-0.027895745000146632
EVT00737,Normal,-0.03332191938556839
EVT00738,Normal,-0.05101873677569713
EVT00739,Normal,-0.05380680291319789
EVT00740,Normal,-0.003514885534666723
EVT00741,Normal,-0.051599399722692285
EVT00742,Normal,-0.0763967160461056
EVT00743,Normal,-0.05440958464094886
EVT00744,Normal,-0.0782000149471962
EVT00745,Normal,-0.05348480381163501
EVT00746,Normal,-0.05872732701671124
EVT00747,Normal,-0.06411808025301008
EVT00748,Normal,-0.050770384312894545
EVT00749,Normal,-0.026812307020010417
EVT00750,Normal,-0.05089921764186339
EVT00751,Normal,-0.04901220040649751
EVT00752,Normal,-0.05255371148066945
EVT00753,Normal,-0.059123233680080045
EVT00754,Normal,-0.04046137183867604
EVT00755,Normal,-0.04612847508878626
EVT00756,Normal,-0.02465675874781259
EVT00757,Normal,-0.02072058967036383
EVT00758,Normal,-0.02340414632268495
EVT00759,Normal,-0.0494789646247627
EVT00760,Normal,-0.05912664216589447
EVT00761,Normal,-0.05420058373809744
EVT00762,Normal,-0.05558536789282126
EVT00763,Normal,-0.041965883631094714
EVT00764,Normal,-0.02649159247070043
EVT00765,Normal,-0.05382629416686491
EVT00766,Normal,-0.04816569713578922
EVT00767,Normal,-0.07058954043943194
EVT00768,Normal,-0.06017163159350364
EVT00769,Normal,-0.05778147950204304
EVT00770,Normal,-0.05610722804828161
EVT00771,Normal,-0.017060418063467697
EVT00772,Suspicious,0.01504838933056607
EVT00773,Normal,-0.03174762391718178
EVT00774,Normal,-0.05407442505020177
EVT00775,Normal,-0.06596749365335458
EVT00776,Normal,-0.06616159350416595
EVT00777,Normal,-0.028786529854509413
EVT00778,Normal,-0.021547209717100557
EVT00779,Normal,-0.06568937448544954
EVT00780,Normal,-0.035622978618825185
EVT00781,Normal,-0.01585318692369775
EVT00782,Normal,-0.06480963147416108
EVT00783,Normal,-0.049827902943235414
EVT00784,Suspicious,0.010798185031371532
EVT00785,Normal,-0.04634959785405024
EVT00786,Normal,-0.04344374072490009
EVT00787,Normal,-0.026627798791371116
EVT00788,Normal,-0.06683864193701866
EVT00789,Normal,-0.02513502649982402
EVT00790,Normal,-0.06308012272160385
EVT00791,Normal,-0.03860492204812743
EVT00792,Normal,-0.014354098062610343
EVT00793,Normal,-0.06136247844724835
EVT00794,Normal,-0.04265517397503349
EVT00795,Normal,-0.045638014081379574
EVT00796,Normal,-0.024035164239660123
EVT00797,Normal,-0.07490899093741932
EVT00798,Normal,-0.022636479098054663
EVT00799,Suspicious,0.019449434907629626
EVT00800,Normal,-0.0647115710594664
EVT00801,Normal,-0.03378085155648386
EVT00802,Normal,-0.06362634616919655
EVT00803,Suspicious,0.0037696076422202296
EVT00804,Normal,-0.03526001036584747
EVT00805,Normal,-0.04341150202167582
EVT00806,Normal,-0.026371218288741505
EVT00807,Normal,-0.023407807714464046
EVT00808,Normal,-0.025677261818253028
EVT00809,Normal,-0.040232452502848515
EVT00810,Normal,-0.009698708023126668
EVT00811,Normal,-0.05481732998012728
EVT00812,Normal,-0.0689817813430254
EVT00813,Normal,-0.04174085845138398
EVT00814,Normal,-0.03464118859854248
EVT00815,Normal,-0.04169716901451215
EVT00816,Normal,-0.0513468980930219
EVT00817,Normal,-0.06718972756817077
EVT00818,Normal,-0.04769603047745824
EVT00819,Normal,-0.058992493086800823
EVT00820,Normal,-0.0487934114328924
EVT00821,Normal,-0.06671534075015395
EVT00822,Normal,-0.05839456963010081
EVT00823,Normal,-0.057104112200090096
EVT00824,Normal,-0.04318841262460649
EVT00825,Normal,-0.07830915589176407
EVT00826,Normal,-0.04680047501257539
EVT00827,Normal,-0.029957801967943842
EVT00828,Suspicious,0.006392367616985473
EVT00829,Normal,-0.043440354705940265
EVT00830,Normal,-0.05717918154768098
EVT00831,Normal,-0.07065468279294446
EVT00832,Normal,-0.030902405199149385
EVT00833,Normal,-0.048343379922815954
EVT00834,Normal,-0.052599023955312074
EVT00835,Normal,-0.04853965629998047
EVT00836,Normal,-0.06261703805591706
EVT00837,Normal,-0.02787994666117727
EVT00838,Normal,-0.009528184985764687
EVT00839,Normal,-0.034389203736807705
EVT00840,Normal,-0.04177515386255648
EVT00841,Normal,-0.05798181814167591
EVT00842,Normal,-0.05537807925475963
EVT00843,Normal,-0.030337692136317096
EVT00844,Normal,-0.03337937105220795
EVT00845,Normal,-0.06889951753790241
EVT00846,Normal,-0.06458674490534794
EVT00847,Normal,-0.04240092103249016
EVT00848,Normal,-0.0177467518868758
EVT00849,Normal,-0.03090349338948628
EVT00850,Normal,-0.0629421743789722
EVT00851,Normal,-0.028710982970000076
EVT00852,Normal,-0.039515497017067025
EVT00853,Normal,-0.03274704386338012
EVT00854,Normal,-0.05369482609868009
EVT00855,Normal,-0.006446657446444237
EVT00856,Normal,-0.025482951667842757
EVT00857,Normal,-0.04158427885410171
EVT00858,Normal,-0.0457808796965648
EVT00859,Normal,-0.039464851263745215
EVT00860,Normal,-0.055874600281903386
EVT00861,Normal,-0.007125885661481424
EVT00862,Normal,-0.04251542750894505
EVT00863,Normal,-0.038511112520820845
EVT00864,Normal,-0.034176655494993824
EVT00865,Normal,-0.06058757331218162
EVT00866,Normal,-0.014746945390447852
EVT00867,Normal,-0.04752431145587516
EVT00868,Normal,-0.027229813158784755
EVT00869,Normal,-0.05029597135892283
EVT00870,Normal,-0.026134525734619385
EVT00871,Normal,-0.057575571367264544
EVT00872,Normal,-0.019000525044564398
EVT00873,Normal,-0.07358459106036086
EVT00874,Normal,-0.025890323227234724
EVT00875,Normal,-0.05235226872439086
EVT00876,Normal,-0.07278797805745713
EVT00877,Normal,-0.04420107837902737
EVT00878,Normal,-0.03393875517462197
EVT00879,Normal,-0.03361105485784088
EVT00880,Normal,-0.022234071409556577
EVT00881,Normal,-0.014290284042882906
EVT00882,Suspicious,0.009441004503681683
EVT00883,Normal,-0.048609870867352745
EVT00884,Normal,-0.015035820506324682
EVT00885,Normal,-0.05132172166903004
EVT00886,Normal,-0.009107485517082625
EVT00887,Normal,-0.0468515421429313
EVT00888,Normal,-0.05333382783001228
EVT00889,Normal,-0.024709978891365947
EVT00890,Normal,-0.03329609624647384
EVT00891,Normal,-0.0747925351755589
EVT00892,Normal,-0.010185908791951692
EVT00893,Normal,-0.043659043533216035
EVT00894,Normal,-0.03351520904752925
EVT00895,Normal,-0.04972433410547045
EVT00896,Normal,-0.04617712802419338
EVT00897,Normal,-0.025812103301466327
EVT00898,Normal,-0.022648770949648456
EVT00899,Normal,-0.05636875194740215
EVT00900,Normal,-0.020054748720212068
EVT00901,Normal,-0.049318287774585245
EVT00902,Normal,-0.019987284669047645
EVT00903,Normal,-0.009869949408638834
EVT00904,Normal,-0.04600153650884564
EVT00905,Normal,-0.030014592713227595
EVT00906,Normal,-0.05987702384925081
EVT00907,Normal,-0.023741971633589376
EVT00908,Normal,-0.05814868124454409
EVT00909,Normal,-0.06884304416210213
EVT00910,Normal,-0.04709645903364895
EVT00911,Normal,-0.047135838538411134
EVT00912,Normal,-0.08756847166809972
EVT00913,Normal,-0.03329208111604581
EVT00914,Normal,-0.059753184597137965
EVT00915,Normal,-0.053256044371591704
EVT00916,Normal,-0.039152000335567705
EVT00917,Normal,-0.0684983834627243
EVT00918,Normal,-0.05169373606117411
EVT00919,Normal,-0.054386602447579147
EVT00920,Normal,-0.03385386048243183
EVT00921,Normal,-0.035082487032027654
EVT00922,Normal,-0.06234271385642398
EVT00923,Normal,-0.00844118326345522
EVT00924,Normal,-0.04821299185115324
EVT00925,Normal,-0.0631302988427157
EVT00926,Normal,-0.054897367758834525
EVT00927,Normal,-0.09302238574622446
EVT00928,Normal,-0.06299438528900964
EVT00929,Normal,-0.028132353537701105
EVT00930,Normal,-0.04725444997856176
EVT00931,Normal,-0.04412043791253917
EVT00932,Normal,-0.06562149602718903
EVT00933,Normal,-0.021031852709792687
EVT00934,Normal,-0.06618310118278009
EVT00935,Suspicious,0.009782874606306446
EVT00936,Normal,-0.058186862217300905
EVT00937,Normal,-0.06122374128850777
EVT00938,Normal,-0.02432844484273744
EVT00939,Normal,-0.02096912107175697
EVT00940,Normal,-0.03308070007697472
EVT00941,Normal,-0.05816615955826704
EVT00942,Normal,-0.06528225325328063
EVT00943,Normal,-0.05531633406305758
EVT00944,Normal,-0.042565607923571
EVT00945,Normal,-0.045486585170379845
EVT00946,Normal,-0.03678110453624084
EVT00947,Normal,-0.05838613566994316
EVT00948,Normal,-0.06675132543099854
EVT00949,Normal,-0.048117993553061955
EVT00950,Normal,-0.09277168664564073
EVT00951,Normal,-0.04672513268658729
EVT00952,Normal,-0.06630144717394815
EVT00953,Normal,-0.026452107175974293
EVT00954,Normal,-0.05054529187417578
EVT00955,Normal,-0.06535088885129836
EVT00956,Normal,-0.03126150598590194
EVT00957,Normal,-9.936449689718074e-07
EVT00958,Normal,-0.01989707952078701
EVT00959,Normal,-0.04473505886880502
EVT00960,Normal,-0.016777385944153678
EVT00961,Normal,-0.04295455932732822
EVT00962,Normal,-0.04013391213090661
EVT00963,Normal,-0.023117494399230165
EVT00964,Normal,-0.05180495028812793
EVT00965,Normal,-0.023082114764311323
EVT00966,Normal,-0.02933689479413859
EVT00967,Normal,-0.012792364103651588
EVT00968,Normal,-0.022345725169013453
EVT00969,Normal,-0.08138007319534968
EVT00970,Normal,-0.06562369957115816
EVT00971,Normal,-0.030380305943013552
EVT00972,Normal,-0.024153775721198922
EVT00973,Normal,-0.00787772855033908
EVT00974,Normal,-0.06078706477131146
EVT00975,Normal,-0.03452833200197625
EVT00976,Normal,-0.008499949382519967
EVT00977,Normal,-0.02458417259644341
EVT00978,Normal,-0.04231102558072186
EVT00979,Normal,-0.013084655430469883
EVT00980,Normal,-0.06559488529273866
EVT00981,Normal,-0.0672613830348186
EVT00982,Normal,-0.057584079657597764
EVT00983,Normal,-0.08370739769855862
EVT00984,Normal,-0.011876735286383333
EVT00985,Normal,-0.04093147101453104
EVT00986,Normal,-0.022025419377089794
EVT00987,Normal,-0.014449548523254752
EVT00988,Normal,-0.04454715260224429
EVT00989,Normal,-0.030527497951987226
EVT00990,Normal,-0.04135291951164599
EVT00991,Normal,-0.03947762828914586
EVT00992,Normal,-0.030776743612973112
EVT00993,Normal,-0.04914619917925167
EVT00994,Normal,-0.024171321082618102
EVT00995,Normal,-0.0581385120179822
EVT00996,Normal,-0.018268474886611763
EVT00997,Normal,-0.04056198765943597
EVT00998,Normal,-0.0063209220887078255
EVT00999,Normal,-0.03192237599864428
EVT01000,Normal,-0.048386249549778326
EVT01001,Normal,-0.057697149162988126
EVT01002,Normal,-0.03491645373411778
EVT01003,Normal,-0.041668588389294714
EVT01004,Normal,-0.07686027794415212
EVT01005,Normal,-0.03549753602787792
EVT01006,Normal,-0.0447828753001559
EVT01007,Normal,-0.04587880358577939
EVT01008,Normal,-0.04452958758341363
EVT01009,Normal,-0.004039649211094232
EVT01010,Normal,-0.023495483142452644
EVT01011,Normal,-0.043197797250747294
EVT01012,Normal,-0.03940097282785482
EVT01013,Normal,-0.06248367001157329
EVT01014,Normal,-0.08161429323814245
EVT01015,Normal,-0.04495048032240889
EVT01016,Normal,-0.07286395542531093
EVT01017,Normal,-0.055293498852679535
EVT01018,Normal,-0.07506444796947787
EVT01019,Normal,-0.08122844180416999
EVT01020,Normal,-0.06497751889490938
EVT01021,Normal,-0.03397244009758582
EVT01022,Normal,-0.06688949270037037
EVT01023,Normal,-0.06689604294178814
EVT01024,Normal,-0.05876623529163466
EVT01025,Normal,-0.0024356674815391166
EVT01026,Normal,-0.05486963363056929
EVT01027,Normal,-0.07140794842400494
EVT01028,Normal,-0.06226872948231843
EVT01029,Normal,-0.050280397570009905
EVT01030,Normal,-0.03833824438550881
EVT01031,Suspicious,0.019094765760478527
EVT01032,Normal,-0.02817150587567313
EVT01033,Normal,-0.06134447387863534
EVT01034,Normal,-0.060079937463741906
EVT01035,Normal,-0.06618513800252979
EVT01036,Normal,-0.04715765475365663
EVT01037,Normal,-0.05090767211995617
EVT01038,Normal,-0.035905903128910344
EVT01039,Normal,-0.016364187703868938
EVT01040,Normal,-0.0323525393667316
EVT01041,Normal,-0.05762394404079135
EVT01042,Normal,-0.04812090946537145
EVT01043,Suspicious,0.018594870731182378
EVT01044,Normal,-0.04407591146413431
EVT01045,Normal,-0.023284020336471034
EVT01046,Normal,-0.050200323214723286
EVT01047,Normal,-0.025794509526622933
EVT01048,Normal,-0.01714044568150841
EVT01049,Suspicious,0.007761977522963925
EVT01050,Normal,-0.04422958263034338
EVT01051,Normal,-0.03725794416254008
EVT01052,Normal,-0.06371353388240247
EVT01053,Normal,-0.07828290512788222
EVT01054,Normal,-0.02938603826639108
EVT01055,Normal,-0.07672190945495555
EVT01056,Normal,-0.01195640419718258
EVT01057,Normal,-0.029514191007215973
EVT01058,Suspicious,0.030187430834131113
EVT01059,Normal,-0.03592749081779645
EVT01060,Normal,-0.03414194787514052
EVT01061,Normal,-0.04326610256289232
EVT01062,Normal,-0.03920186759433775
EVT01063,Normal,-0.04872234352981297
EVT01064,Normal,-0.058816328873952106
EVT01065,Normal,-0.007607513546928346
EVT01066,Normal,-0.006160519877628556
EVT01067,Normal,-0.016529520435215495
EVT01068,Normal,-0.04732483948433269
EVT01069,Normal,-0.037378733073299586
EVT01070,Normal,-0.07280252189466702
EVT01071,Normal,-0.0601132824053357
EVT01072,Normal,-0.012296772009619095
EVT01073,Normal,-0.01681056602402209
EVT01074,Normal,-0.050763038440803154
EVT01075,Normal,-0.03856073922392772
EVT01076,Normal,-0.06459951266414077
EVT01077,Normal,-0.02396362076821834
EVT01078,Normal,-0.0046761506152182
EVT01079,Normal,-0.050039056377461366
EVT01080,Normal,-0.023639692365403198
EVT01081,Normal,-0.03522647983691113
EVT01082,Normal,-0.03888153172648434
EVT01083,Normal,-0.03178391226532706
EVT01084,Normal,-0.05085216429014383
EVT01085,Normal,-0.03726956493567829
EVT01086,Normal,-0.054275335864435836
EVT01087,Normal,-0.03887282106299483
EVT01088,Normal,-0.041225996668989684
EVT01089,Normal,-0.07455024285189071
EVT01090,Normal,-0.05716691443928151
EVT01091,Normal,-0.04055264312560042
EVT01092,Normal,-0.07090154251807279
EVT01093,Normal,-0.03935070229923743
EVT01094,Normal,-0.008076549810634548
EVT01095,Normal,-0.023473244996995324
EVT01096,Normal,-0.050038262782294174
EVT01097,Normal,-0.0054100299298242005
EVT01098,Normal,-0.0169522482048432
EVT01099,Normal,-0.057542917569720464
EVT01100,Normal,-0.03339230874775134
EVT01101,Normal,-0.05784674577738186
EVT01102,Normal,-0.06536731435839999
EVT01103,Normal,-0.004856324236806819
EVT01104,Normal,-0.04073904741081491
EVT01105,Normal,-0.029550237458875528
EVT01106,Normal,-0.06631589523003595
EVT01107,Normal,-0.027406942444310523
EVT01108,Normal,-0.04577202986777057
EVT01109,Normal,-0.03525960218022428
EVT01110,Normal,-0.05102672376699058
EVT01111,Normal,-0.03335102293825365
EVT01112,Normal,-0.005381907838468036
EVT01113,Normal,-0.03615531218023915
EVT01114,Normal,-0.07337445756795002
EVT01115,Normal,-0.06320137131039871
EVT01116,Normal,-0.010350035147121406
EVT01117,Normal,-0.032837615597012426
EVT01118,Normal,-0.01014930023406635
EVT01119,Normal,-0.03602984423696287
EVT01120,Normal,-0.038848973558971656
EVT01121,Suspicious,0.022431317052677202
EVT01122,Normal,-0.04525762553517804
EVT01123,Normal,-0.05972773075347182
EVT01124,Normal,-0.06241741516723326
EVT01125,Normal,-0.022612171811324355
EVT01126,Normal,-0.0702770867813694
EVT01127,Normal,-0.027436400663713112
EVT01128,Normal,-0.026286664046638486
EVT01129,Normal,-0.04290299789944635
EVT01130,Normal,-0.022573751355578264
EVT01131,Normal,-0.03548446414021361
EVT01132,Normal,-0.0273436714251879
EVT01133,Normal,-0.046730948627614344
EVT01134,Normal,-0.037287360107597534
EVT01135,Suspicious,0.01662099467328393
EVT01136,Normal,-0.042176849492011725
EVT01137,Normal,-0.043694447915153034
EVT01138,Normal,-0.04663092991480006
EVT01139,Normal,-0.03977795064634737
EVT01140,Normal,-0.031184782839497716
EVT01141,Normal,-0.027952791733548976
EVT01142,Normal,-0.04020495462836765
EVT01143,Normal,-0.02988656777890819
EVT01144,Normal,-0.0707852803868147
EVT01145,Normal,-0.06697361175253674
EVT01146,Normal,-0.021984364828533942
EVT01147,Normal,-0.005918792673523354
EVT01148,Normal,-0.05017951228867318
EVT01149,Normal,-0.037304749966518946
EVT01150,Normal,-0.06854491570214005
EVT01151,Normal,-0.05655720391022939
EVT01152,Normal,-0.02588531506804176
EVT01153,Normal,-0.01508334168594161
EVT01154,Normal,-0.028619485924424815
EVT01155,Normal,-0.06387136338213173
EVT01156,Normal,-0.016201748491560086
EVT01157,Normal,-0.008882114963602361
EVT01158,Suspicious,0.01866228347571519
EVT01159,Normal,-0.04646395416906135
EVT01160,Normal,-0.00018568042235422855
EVT01161,Normal,-0.06800303395032287
EVT01162,Normal,-0.06706257634524604
EVT01163,Normal,-0.06213441044885626
EVT01164,Normal,-0.05693498813101028
EVT01165,Normal,-0.034603588519085515
EVT01166,Normal,-0.061842302948177164
EVT01167,Normal,-0.03036941848605057
EVT01168,Normal,-0.019201538234012605
EVT01169,Normal,-0.04014536922460432
EVT01170,Normal,-0.05972518593765158
EVT01171,Normal,-0.07139854746043706
EVT01172,Normal,-0.05551664253837707
EVT01173,Normal,-0.04631829964484174
EVT01174,Normal,-0.05512474850501575
EVT01175,Normal,-0.0016667761092151734
EVT01176,Normal,-0.05279606327832326
EVT01177,Normal,-0.07240716944058151
EVT01178,Normal,-0.07810071616247599
EVT01179,Normal,-0.0027913030513494475
EVT01180,Normal,-0.031127768949361034
EVT01181,Normal,-0.003207053663908055
EVT01182,Normal,-0.04358289379628261
EVT01183,Normal,-0.05238532863365525
EVT01184,Normal,-0.02294375196427667
EVT01185,Normal,-0.059317484480794436
EVT01186,Normal,-0.03080228941407004
EVT01187,Normal,-0.060039562318962736
EVT01188,Normal,-0.019924503388510262
EVT01189,Normal,-0.015088049619212507
EVT01190,Normal,-0.0006269094187434376
EVT01191,Normal,-0.02137852405750018
EVT01192,Normal,-0.03257930225587474
EVT01193,Normal,-0.09027688734422684
EVT01194,Normal,-0.04514519236152559
EVT01195,Normal,-0.032081555890820845
EVT01196,Normal,-0.02862577097714103
EVT01197,Normal,-0.044536080943803846
EVT01198,Normal,-0.048456824700164824
EVT01199,Suspicious,0.019641988737417182
EVT01200,Normal,-0.02126753430356121
EVT01201,Normal,-0.06291955091321783
EVT01202,Normal,-0.034473498941935854
EVT01203,Normal,-0.04548747396062269
EVT01204,Normal,-0.05549860734964779
EVT01205,Suspicious,0.006231826623354975
EVT01206,Normal,-0.045512556620853184
EVT01207,Normal,-0.05769946206977389
EVT01208,Normal,-0.052943069788484176
EVT01209,Normal,-0.06207062784144923
EVT01210,Normal,-0.04341467641213159
EVT01211,Normal,-0.016609229827684868
EVT01212,Normal,-0.03142143148269283
EVT01213,Normal,-0.046154190696131914
EVT01214,Suspicious,0.0030292840707254465
EVT01215,Normal,-0.0416156364926355
EVT01216,Normal,-0.06038446258044422
EVT01217,Normal,-0.025936255182525403
EVT01218,Normal,-0.046007029738622585
EVT01219,Normal,-0.03447360335762206
EVT01220,Normal,-0.03517261127995713
EVT01221,Normal,-0.059218910265837366
EVT01222,Normal,-0.03266153001989225
EVT01223,Normal,-0.07227732513008062
EVT01224,Normal,-0.03073637914000288
EVT01225,Normal,-0.033768946086822293
EVT01226,Normal,-0.043805018449519506
EVT01227,Normal,-0.01953272158392161
EVT01228,Normal,-0.05378064343729355
EVT01229,Normal,-0.05612047253419783
EVT01230,Normal,-0.06460468683035736
EVT01231,Normal,-0.034491235323220126
EVT01232,Normal,-0.09134941865927843
EVT01233,Suspicious,0.04165597892821693
EVT01234,Normal,-0.04588704938275806
EVT01235,Normal,-0.0767019080281593
EVT01236,Normal,-0.03215888359208485
EVT01237,Normal,-0.012338857418467741
EVT01238,Suspicious,0.006974773986498817
EVT01239,Normal,-0.061781409170709845
EVT01240,Normal,-0.038539140243905756
EVT01241,Normal,-0.03565988213824817
EVT01242,Normal,-0.024760084438674168
EVT01243,Normal,-0.04627113550037909
EVT01244,Normal,-0.032704990480971086
EVT01245,Normal,-0.0215065358552049
EVT01246,Normal,-0.06531982394789676
EVT01247,Normal,-0.06313024250217364
EVT01248,Normal,-0.03136547800212308
EVT01249,Normal,-0.029140709899620865
EVT01250,Normal,-0.04256296624974615
EVT01251,Normal,-0.06601162584190068
EVT01252,Normal,-0.06833365261396662
EVT01253,Normal,-0.0016431356341262138
EVT01254,Normal,-0.06610547905462788
EVT01255,Normal,-0.019390921213077505
EVT01256,Normal,-0.0555939917878856
EVT01257,Normal,-0.04931463459273394
EVT01258,Normal,-0.03138640396634096
EVT01259,Normal,-0.03667030815565242
EVT01260,Normal,-0.01361511484982425
EVT01261,Normal,-0.06444467166408968
EVT01262,Normal,-0.017853424093640102
EVT01263,Normal,-0.04110238558406426
EVT01264,Normal,-0.043821361693664185
EVT01265,Normal,-0.04233642289893913
EVT01266,Normal,-0.025809107523414754
EVT01267,Normal,-0.048049589690248196
EVT01268,Normal,-0.011927945034937437
EVT01269,Normal,-0.03700806346715063
EVT01270,Normal,-0.027104987355194843
EVT01271,Normal,-0.07233130035378704
EVT01272,Normal,-0.05129110329423936
EVT01273,Normal,-0.022463541867390635
EVT01274,Normal,-0.035068763269665015
EVT01275,Normal,-0.053324860591416445
EVT01276,Normal,-0.03724951375089752
EVT01277,Normal,-0.06252784601867212
EVT01278,Normal,-0.033958980990255516
EVT01279,Normal,-0.08064443650715247
EVT01280,Normal,-0.020043587370981664
EVT01281,Normal,-0.0002123646682714586
EVT01282,Normal,-0.04765227170722103
EVT01283,Normal,-0.06645330229641239
EVT01284,Normal,-0.008118313112049358
EVT01285,Normal,-0.06465857959228022
EVT01286,Normal,-0.0479167946436127
EVT01287,Normal,-0.056263803872126095
EVT01288,Normal,-0.042440335814682095
EVT01289,Normal,-0.01964727801715349
EVT01290,Normal,-0.047274548753304946
EVT01291,Normal,-0.041357702384382966
EVT01292,Normal,-0.06713051444811508
EVT01293,Normal,-0.059250147997571834
EVT01294,Normal,-0.03051178129878107
EVT01295,Normal,-0.026144303727483553
EVT01296,Normal,-0.05946343811464044
EVT01297,Normal,-0.0241765717169089
EVT01298,Normal,-0.05252007646133128
EVT01299,Normal,-0.051938924345259596
EVT01300,Normal,-0.023254299470373718
EVT01301,Normal,-0.03493558670522234
EVT01302,Normal,-0.03765505166792682
EVT01303,Normal,-0.05333924944266094
EVT01304,Normal,-0.0809182987773141
EVT01305,Normal,-0.06831277768824934
EVT01306,Normal,-0.04793753881841911
EVT01307,Normal,-0.057913990571281826
EVT01308,Normal,-0.04507720271961868
EVT01309,Normal,-0.048412366844370835
EVT01310,Normal,-0.027110321569002338
EVT01311,Normal,-0.05096684034129095
EVT01312,Normal,-0.004255532614035773
EVT01313,Normal,-0.021385733131911278
EVT01314,Suspicious,0.0025939252231915733
EVT01315,Normal,-0.053318119685790755
EVT01316,Normal,-0.021931430122250517
EVT01317,Normal,-0.014710545442726097
EVT01318,Suspicious,0.00018596203187681848
EVT01319,Normal,-0.033215856966956336
EVT01320,Normal,-0.07138198474944757
EVT01321,Normal,-0.03425715316718053
EVT01322,Normal,-0.043392007674383504
EVT01323,Normal,-0.04270487532724404
EVT01324,Normal,-0.027112837623498753
EVT01325,Normal,-0.061049464110527696
EVT01326,Normal,-0.040398780542772295
EVT01327,Normal,-0.07470470832713111
EVT01328,Normal,-0.06004400931109871
EVT01329,Normal,-0.07145948391440793
EVT01330,Normal,-0.0445133205743089
EVT01331,Normal,-0.03659698105645787
EVT01332,Normal,-0.04498277838370074
EVT01333,Normal,-0.06587585100330673
EVT01334,Suspicious,0.011104185530218746
EVT01335,Normal,-0.042633119927465046
EVT01336,Normal,-0.053602434762649476
EVT01337,Normal,-0.029974726106266003
EVT01338,Normal,-0.044820554078046415
EVT01339,Normal,-0.02976595722575559
EVT01340,Normal,-0.051996004909398374
EVT01341,Normal,-0.046915139988549404
EVT01342,Normal,-0.01147056044240602
EVT01343,Normal,-0.04252584599761572
EVT01344,Normal,-0.02911507653327955
EVT01345,Normal,-0.024521203692523863
EVT01346,Normal,-0.02737305115590616
EVT01347,Normal,-0.05924639815046656
EVT01348,Normal,-0.0328097263340541
EVT01349,Normal,-0.040363049846652566
EVT01350,Normal,-0.04399751762382692
EVT01351,Normal,-0.03250896714006202
EVT01352,Normal,-0.03428767428422713
EVT01353,Normal,-0.041961434847918866
EVT01354,Normal,-0.007408151809003671
EVT01355,Normal,-0.022362094804856958
EVT01356,Normal,-0.02889559621937754
EVT01357,Normal,-0.05474541578096703
EVT01358,Normal,-0.047583245304376354
EVT01359,Suspicious,0.013050522250750984
EVT01360,Normal,-0.025125472488806366
EVT01361,Normal,-0.06459471112753246
EVT01362,Normal,-0.055166454965578315
EVT01363,Normal,-0.05408629420782218
EVT01364,Normal,-0.04742649619104572
EVT01365,Normal,-0.04890889988627428
EVT01366,Normal,-0.030925939309249473
EVT01367,Normal,-0.005250730544939075
EVT01368,Normal,-0.030421131625175568
EVT01369,Normal,-0.023258844378323262
EVT01370,Normal,-0.052153814667786014
EVT01371,Normal,-0.045219202332201225
EVT01372,Normal,-0.04034957190196148
EVT01373,Normal,-0.05017692305458049
EVT01374,Normal,-0.03844365215611639
EVT01375,Normal,-0.0584878338116
EVT01376,Normal,-0.042331189191658514
EVT01377,Normal,-0.030133106864665582
EVT01378,Normal,-0.012841790710094947
EVT01379,Normal,-0.0008998767124701601
EVT01380,Normal,-0.045464728660361164
EVT01381,Normal,-0.043943028704945486
EVT01382,Normal,-0.01346472992333847
EVT01383,Normal,-0.0461564072135196
EVT01384,Normal,-0.03284858161923371
EVT01385,Normal,-0.022430205290744132
EVT01386,Normal,-0.06030761738372664
EVT01387,Normal,-0.029576191418893116
EVT01388,Normal,-0.03943289802683658
EVT01389,Normal,-0.027753029812581487
EVT01390,Normal,-0.03073438344351248
EVT01391,Normal,-0.03699619974249707
EVT01392,Normal,-0.021046702329565403
EVT01393,Normal,-0.05826093240397967
EVT01394,Normal,-0.016992277967335268
EVT01395,Normal,-0.08040083687506178
EVT01396,Normal,-0.04175588366481453
EVT01397,Normal,-0.053750427343161045
EVT01398,Normal,-0.04705646932406904
EVT01399,Normal,-0.06876267990420498
EVT01400,Normal,-0.08185404215517617
EVT01401,Normal,-0.019635852062714454
EVT01402,Normal,-0.04213910230437484
EVT01403,Normal,-0.05275929016951231
EVT01404,Normal,-0.022349076037897597
EVT01405,Normal,-0.029554507529894747
EVT01406,Normal,-0.030218586248668855
EVT01407,Normal,-0.05939111138086667
EVT01408,Normal,-0.04938820553273304
EVT01409,Normal,-0.07283498666983396
EVT01410,Normal,-0.014362317432074612
EVT01411,Normal,-0.05410618657363003
EVT01412,Normal,-0.026297550738856756
EVT01413,Normal,-0.052263009004475725
EVT01414,Normal,-0.06780754800145977
EVT01415,Suspicious,0.009807525192484845
EVT01416,Normal,-0.06836747335840332
EVT01417,Normal,-0.02916643807950653
EVT01418,Normal,-0.01599978348669684
EVT01419,Normal,-0.04697250749995541
EVT01420,Normal,-0.056769508838483085
EVT01421,Normal,-0.05128377289161545
EVT01422,Normal,-0.033263252982976166
EVT01423,Normal,-0.04651848861421487
EVT01424,Normal,-0.06601678512562714
EVT01425,Normal,-0.04677641155937279
EVT01426,Normal,-0.03145645673970382
EVT01427,Normal,-0.022704636492017705
EVT01428,Normal,-0.020604840387271728
EVT01429,Normal,-0.03884075569195744
EVT01430,Normal,-0.038415852743848844
EVT01431,Suspicious,0.007310171279789612
EVT01432,Normal,-0.04351699158144334
EVT01433,Normal,-0.031064493971286633
EVT01434,Normal,-0.025550383395044507
EVT01435,Normal,-0.012026205493533726
EVT01436,Normal,-0.01833744961157413
EVT01437,Normal,-0.05327901331188367
EVT01438,Normal,-0.04437081135847665
EVT01439,Normal,-0.02281697131302718
EVT01440,Normal,-0.003744847764352577
EVT01441,Normal,-0.071075644521026
EVT01442,Normal,-0.059516887142091135
EVT01443,Normal,-0.054666508738135
EVT01444,Normal,-0.04249281116505582
EVT01445,Normal,-0.04367264939680199
EVT01446,Normal,-0.0466068223602068
EVT01447,Normal,-0.05766200669025312
EVT01448,Normal,-0.07246540110931904
EVT01449,Normal,-0.04383012244660145
EVT01450,Normal,-0.02766436893917823
EVT01451,Normal,-0.04127678353706299
EVT01452,Normal,-0.058630617233039584
EVT01453,Normal,-0.05821615420752807
EVT01454,Normal,-0.049917242375127846
EVT01455,Normal,-0.04190539145515593
EVT01456,Normal,-0.07147570517512908
EVT01457,Normal,-0.04287593694797054
EVT01458,Normal,-0.04282578986406649
EVT01459,Normal,-0.07338080136888653
EVT01460,Normal,-0.0163018830015097
EVT01461,Normal,-0.0389711598830384
EVT01462,Normal,-0.05097868740463468
EVT01463,Normal,-0.062400151756672184
EVT01464,Normal,-0.04620385853280562
EVT01465,Normal,-0.038266957896539444
EVT01466,Normal,-0.03389173919742794
EVT01467,Normal,-0.02923398789793996
EVT01468,Normal,-0.028114327356493662
EVT01469,Normal,-0.0465860025868437
EVT01470,Normal,-0.02187706371595255
EVT01471,Normal,-0.025750365057104097
EVT01472,Normal,-0.04352066387935072
EVT01473,Normal,-0.07772496226322029
EVT01474,Normal,-0.06612567902247107
EVT01475,Normal,-0.03200981193453978
EVT01476,Normal,-0.04628533326445439
EVT01477,Normal,-0.022545310759918724
EVT01478,Normal,-0.051899801244180144
EVT01479,Normal,-0.06826526828155172
EVT01480,Normal,-0.05038412179747226
EVT01481,Normal,-0.0655863666036593
EVT01482,Normal,-0.06223699211351563
EVT01483,Normal,-0.050129534373806406
EVT01484,Normal,-0.05999996269177971
EVT01485,Normal,-0.05423717441218334
EVT01486,Normal,-0.0561440028275344
EVT01487,Normal,-0.07789825893781221
EVT01488,Normal,-0.053926532056746246
EVT01489,Normal,-0.026362751991129474
EVT01490,Normal,-0.06541557104202039
EVT01491,Normal,-0.05088673189877285
EVT01492,Normal,-0.061191135108538575
EVT01493,Normal,-0.022775338623073127
EVT01494,Normal,-0.019662794904811376
EVT01495,Normal,-0.024336364015186573
EVT01496,Normal,-0.05296219644918804
EVT01497,Normal,-0.03331613135103606
EVT01498,Normal,-0.06821461087313746
EVT01499,Normal,-0.06688010736832695
EVT01500,Normal,-0.06448284655980863
EVT01501,Normal,-0.056653941628784954
EVT01502,Normal,-0.02632580202120316
EVT01503,Normal,-0.043062250322134954
EVT01504,Normal,-0.051579019479431
EVT01505,Normal,-0.01816024995886545
EVT01506,Normal,-0.03320623995402622
EVT01507,Normal,-0.0728684746502587
EVT01508,Normal,-0.06365186794245897
EVT01509,Suspicious,0.00041899227224917457
EVT01510,Normal,-0.0325038652194477
EVT01511,Normal,-0.05828580060261512
EVT01512,Normal,-0.05088278264913709
EVT01513,Normal,-0.05439706994985277
EVT01514,Normal,-0.042353561288414
EVT01515,Normal,-0.01868933297267028
EVT01516,Normal,-0.05265366712227326
EVT01517,Normal,-0.0623856228926411
EVT01518,Normal,-0.08679205405445051
EVT01519,Normal,-0.06373787100797967
EVT01520,Normal,-0.046543723020807726
EVT01521,Normal,-0.0709115219218977
EVT01522,Normal,-0.040112601632781575
EVT01523,Normal,-0.09144320769863856
EVT01524,Normal,-0.02936530784579583
EVT01525,Normal,-0.04084817909120497
EVT01526,Normal,-0.03640448280287312
EVT01527,Normal,-0.037878943201886395
EVT01528,Normal,-0.010807586338508313
EVT01529,Normal,-0.022476356354050542
EVT01530,Normal,-0.04562816963726263
EVT01531,Normal,-0.029036598729257068
EVT01532,Normal,-0.03324643909879488
EVT01533,Normal,-0.05499845046685242
EVT01534,Normal,-0.03518344322996464
EVT01535,Normal,-0.03652677685321337
EVT01536,Normal,-0.04804607013290435
EVT01537,Normal,-0.021587048773608508
EVT01538,Normal,-0.03770903059767666
EVT01539,Normal,-0.01402924506076031
EVT01540,Normal,-0.05544946840151549
EVT01541,Normal,-0.07233379181636246
EVT01542,Normal,-0.01653725786572713
EVT01543,Normal,-0.010485980184581689
EVT01544,Normal,-0.044598662221289775
EVT01545,Normal,-0.04295710998364377
EVT01546,Normal,-0.017261602228455408
EVT01547,Normal,-0.06876086368362483
EVT01548,Normal,-0.012474158597146179
EVT01549,Normal,-0.01109606772015792
EVT01550,Normal,-0.05719879955753354
EVT01551,Normal,-0.02580922360449195
EVT01552,Normal,-0.07363944827195495
EVT01553,Normal,-0.03610910480864954
EVT01554,Normal,-0.04854322226322838
EVT01555,Normal,-0.05107838373854523
EVT01556,Normal,-0.06282377211811957
EVT01557,Normal,-0.04305559057311126
EVT01558,Normal,-0.06630178875347903
EVT01559,Normal,-0.02336362859558827
EVT01560,Normal,-0.05738858451001633
EVT01561,Normal,-0.046628743430042474
EVT01562,Normal,-0.05295692621015924
EVT01563,Normal,-0.054003328912295534
EVT01564,Normal,-0.038258445872965785
EVT01565,Normal,-0.03275066596207865
EVT01566,Normal,-0.038445437934803595
EVT01567,Normal,-0.06627638707774042
EVT01568,Normal,-0.04628108057029501
EVT01569,Normal,-0.07754279361688576
EVT01570,Normal,-0.028092455112150472
EVT01571,Suspicious,0.019102783726845485
EVT01572,Normal,-0.03100436272937701
EVT01573,Normal,-0.08048174664065821
EVT01574,Normal,-0.02655979556507715
EVT01575,Normal,-0.08306236945934425
EVT01576,Normal,-0.04626569186504481
EVT01577,Normal,-0.07937523007914032
EVT01578,Normal,-0.03717254815290766
EVT01579,Suspicious,0.003286055491327544
EVT01580,Normal,-0.022894620776647723
EVT01581,Normal,-0.02905199899204325
EVT01582,Normal,-0.03980252251683364
EVT01583,Normal,-0.04340480366041061
EVT01584,Normal,-0.07836888480619747
EVT01585,Normal,-0.004955821734103472
EVT01586,Normal,-0.053411486955481924
EVT01587,Normal,-0.031245315679066743
EVT01588,Normal,-0.04250322663619316
EVT01589,Suspicious,0.012380394463763267
EVT01590,Normal,-0.06586709778625732
EVT01591,Normal,-0.06442326351992261
EVT01592,Normal,-0.05475793047740962
EVT01593,Normal,-0.04816740089501814
EVT01594,Normal,-0.06879704498244343
EVT01595,Normal,-0.045990247253354044
EVT01596,Normal,-0.0496274891643087
EVT01597,Normal,-0.054336254472737766
EVT01598,Normal,-0.02102657932602947
EVT01599,Normal,-0.009961907216972654
EVT01600,Suspicious,0.031116435981340396
EVT01601,Suspicious,0.00661217063889985
EVT01602,Normal,-0.024127544132055978
EVT01603,Normal,-0.053096176269155526
EVT01604,Normal,-0.02264220641825465
EVT01605,Normal,-0.0594443335817611
EVT01606,Normal,-0.02728021947334819
EVT01607,Normal,-0.04691726912561167
EVT01608,Normal,-0.01717649273574895
EVT01609,Normal,-0.03326478279419903
EVT01610,Normal,-0.01761893892198152
EVT01611,Normal,-0.04456185969653359
EVT01612,Normal,-0.07790032204014091
EVT01613,Normal,-0.04368717678215228
EVT01614,Normal,-0.03819276272360178
EVT01615,Normal,-0.03854875909899669
EVT01616,Normal,-0.03303773566795304
EVT01617,Normal,-0.018750061246627703
EVT01618,Normal,-0.028913731707359613
EVT01619,Normal,-0.04450344629578651
EVT01620,Normal,-0.0513397642734702
EVT01621,Normal,-0.05669857656683852
EVT01622,Normal,-0.02606334420834233
EVT01623,Normal,-0.07037601617342376
EVT01624,Normal,-0.04351470806082108
EVT01625,Normal,-0.047890332880080155
EVT01626,Normal,-0.005586057344246775
EVT01627,Normal,-0.03692486117210314
EVT01628,Normal,-0.05697664762649557
EVT01629,Normal,-0.041401316922054565
EVT01630,Suspicious,0.003595753988871686
EVT01631,Normal,-0.052455839209825716
EVT01632,Normal,-0.049849931041780426
EVT01633,Normal,-0.037874414624755715
EVT01634,Normal,-0.030016798680211454
EVT01635,Normal,-0.04222370965648664
EVT01636,Normal,-0.055889348301694564
EVT01637,Normal,-0.06274321501177754
EVT01638,Normal,-0.04895093901966041
EVT01639,Normal,-0.055918050331878744
EVT01640,Normal,-0.07956108304179821
EVT01641,Normal,-0.04924060684377696
EVT01642,Normal,-0.034278145030716634
EVT01643,Normal,-0.012783585735677505
EVT01644,Normal,-0.06438426955947024
EVT01645,Suspicious,0.006395047997479697
EVT01646,Normal,-0.03456643511285257
EVT01647,Normal,-0.05733133893775505
EVT01648,Normal,-0.030018487615958045
EVT01649,Normal,-0.03203749026632513
EVT01650,Normal,-0.02461395489755014
EVT01651,Normal,-0.006966099478198928
EVT01652,Normal,-0.05647860134746191
EVT01653,Normal,-0.02465763568001844
EVT01654,Suspicious,0.0034108517217479317
EVT01655,Normal,-0.017467579644209752
EVT01656,Normal,-0.049158729920213085
EVT01657,Normal,-0.04601177307097837
EVT01658,Normal,-0.0673609914451404
EVT01659,Normal,-0.04897584398707833
EVT01660,Normal,-0.04130918480284207
EVT01661,Normal,-0.05909737182606023
EVT01662,Normal,-0.06275726161239631
EVT01663,Normal,-0.04867610776828113
EVT01664,Normal,-0.04847299171527619
EVT01665,Normal,-0.03892658830216711
EVT01666,Normal,-0.021799517269005864
EVT01667,Normal,-0.07069563722410999
EVT01668,Normal,-0.021569991160294122
EVT01669,Normal,-0.058733192579366045
EVT01670,Normal,-0.05124304972040333
EVT01671,Normal,-0.055476420704239526
EVT01672,Normal,-0.02648976471927017
EVT01673,Normal,-0.03312895204721633
EVT01674,Normal,-0.053141155017908726
EVT01675,Normal,-0.05096492661175517
EVT01676,Normal,-0.055816041279126094
EVT01677,Normal,-0.05585794831273466
EVT01678,Normal,-0.05277403628416333
EVT01679,Normal,-0.060047031650209026
EVT01680,Normal,-0.07101726163403266
EVT01681,Normal,-0.03867049256934796
EVT01682,Normal,-0.031303106934888636
EVT01683,Normal,-0.019450918863231026
EVT01684,Normal,-0.05024855237607784
EVT01685,Normal,-0.05296863381685163
EVT01686,Normal,-0.029876514203291793
EVT01687,Normal,-0.03324078818004933
EVT01688,Normal,-0.04360924682291001
EVT01689,Normal,-0.05908098931064221
EVT01690,Normal,-0.08809359834795649
EVT01691,Normal,-0.038015237988979544
EVT01692,Normal,-0.04426271974996787
EVT01693,Normal,-0.08209945810111102
EVT01694,Normal,-0.07850834069658236
EVT01695,Suspicious,0.003023653614913746
EVT01696,Normal,-0.029813793209991057
EVT01697,Normal,-0.057866158799569856
EVT01698,Normal,-0.014923987220327506
EVT01699,Normal,-0.029341718840176667
EVT01700,Normal,-0.038989707882682634
EVT01701,Normal,-0.010764488991820476
EVT01702,Normal,-0.01606858362023289
EVT01703,Normal,-0.01902176986750681
EVT01704,Normal,-0.04591781680324958
EVT01705,Normal,-0.048303106303346
EVT01706,Suspicious,0.02437662449617639
EVT01707,Normal,-0.05150793692822603
EVT01708,Suspicious,0.014710327166763015
EVT01709,Suspicious,0.022004496241755156
EVT01710,Suspicious,0.002601469847923199
EVT01711,Suspicious,0.023937748675420423
EVT01712,Normal,-0.013472207796994096
EVT01713,Normal,-0.058287037914709294
EVT01714,Normal,-0.00812780135624458
EVT01715,Normal,-0.037793472061446565
EVT01716,Normal,-0.015973835308900397
EVT01717,Suspicious,0.003974994790156172
EVT01718,Normal,-0.050530747589464575
EVT01719,Normal,-0.05870121619771185
EVT01720,Normal,-0.04882212831849503
EVT01721,Normal,-0.03652678473215076
EVT01722,Normal,-0.06916720657892733
EVT01723,Normal,-0.03641667457611253
EVT01724,Normal,-0.035661261035700276
EVT01725,Normal,-0.05645424641314312
EVT01726,Normal,-0.026439344787740682
EVT01727,Normal,-0.01324396180131926
EVT01728,Normal,-0.02173140363254311
EVT01729,Normal,-0.03141935919615629
EVT01730,Normal,-0.02976328797466038
EVT01731,Normal,-0.059566826032197207
EVT01732,Normal,-0.0138908855999198
EVT01733,Normal,-0.041243565695721074
EVT01734,Normal,-0.059364977790544615
EVT01735,Normal,-0.056358015988884624
EVT01736,Normal,-0.056308178785744956
EVT01737,Normal,-0.031004315568483043
EVT01738,Normal,-0.027244328518498118
EVT01739,Normal,-0.04235680288008298
EVT01740,Normal,-0.031517081657281565
EVT01741,Normal,-0.055827890823611726
EVT01742,Suspicious,0.013729802563722915
EVT01743,Normal,-0.03429455711413654
EVT01744,Normal,-0.039217327500486454
EVT01745,Normal,-0.050986202734103425
EVT01746,Normal,-0.02346554348988139
EVT01747,Normal,-0.03550163546271706
EVT01748,Normal,-0.033206623772363
EVT01749,Normal,-0.08431576628750487
EVT01750,Normal,-0.06889691840476148
EVT01751,Normal,-0.011757636486651513
EVT01752,Normal,-0.025670575277382146
EVT01753,Normal,-0.03998075837401416
EVT01754,Normal,-0.054631306548185155
EVT01755,Normal,-0.016827169651315366
EVT01756,Normal,-0.044205759936378375
EVT01757,Normal,-0.024380824769276055
EVT01758,Normal,-0.042894556445664034
EVT01759,Normal,-0.052948800344131075
EVT01760,Normal,-0.046520886516277504
EVT01761,Normal,-0.04541491839691497
EVT01762,Normal,-0.019749382577020413
EVT01763,Normal,-0.04922702285370739
EVT01764,Normal,-0.05825538227780569
EVT01765,Normal,-0.025164578629330858
EVT01766,Normal,-0.056377079070627945
EVT01767,Normal,-0.05270344658241277
EVT01768,Normal,-0.06369945100115598
EVT01769,Normal,-0.07570994204103343
EVT01770,Normal,-0.018354295885690708
EVT01771,Normal,-0.04177283981444596
EVT01772,Normal,-0.04375089593957843
EVT01773,Normal,-0.04610301469140193
EVT01774,Normal,-0.0403103546360305
EVT01775,Normal,-0.049566827261811885
EVT01776,Normal,-0.053536181212341216
EVT01777,Normal,-0.030948447918131117
EVT01778,Normal,-0.053168415842713534
EVT01779,Normal,-0.07405082314104083
EVT01780,Normal,-0.026388160969051055
EVT01781,Normal,-0.0815895157940098
EVT01782,Normal,-0.04856905102081932
EVT01783,Normal,-0.05261262759738222
EVT01784,Normal,-0.015543565139407134
EVT01785,Normal,-0.06944590499979475
EVT01786,Normal,-0.04024726156906894
EVT01787,Normal,-0.053302736109038684
EVT01788,Normal,-0.04815974044036753
EVT01789,Normal,-0.054646463409202595
EVT01790,Normal,-0.026017161388883103
EVT01791,Normal,-0.05511866648451769
EVT01792,Normal,-0.02480672470175993
EVT01793,Normal,-0.039810774726238285
EVT01794,Normal,-0.0096296164096632
EVT01795,Normal,-0.06382591395054965
EVT01796,Normal,-0.04597496307251947
EVT01797,Normal,-0.05500168410857087
EVT01798,Normal,-0.058459260751274444
EVT01799,Normal,-0.04142974107072883
EVT01800,Normal,-0.053864907946839846
